abieamab.zip, Abies amabilis
abiebals.zip, Abies balsamea
abiebrac.zip, Abies bracteata
abieconc.zip, Abies concolor
abiefras.zip, Abies fraseri
abiegran.zip, Abies grandis
abielasi.zip, Abies lasiocarpa
abiemagn.zip, Abies magnifica
abieproc.zip, Abies procera
acacberl.zip, Acacia berlandieri
acacchor.zip, Acacia choriophylla
acacfarn.zip, Acacia farnesiana
acacgreg.zip, Acacia greggii
acacmacr.zip, Acacia macracantha
acacrigi.zip, Acacia rigidula
acacroem.zip, Acacia roemeriana
acactort.zip, Acacia tortuosa
acacwrig.zip, Acacia wrightii
acerbarb.zip, Acer barbatum
acercirc.zip, Acer circinatum
acerglab.zip, Acer glabrum
acergran.zip, Acer grandidentatum
acerleuc.zip, Acer leucoderme
acermacr.zip, Acer macrophyllum
acernegu.zip, Acer negundo
acernigr.zip, Acer nigrum
acerpens.zip, Acer pensylvanicum
acerrubr.zip, Acer rubrum
acersacc.zip, Acer saccharinum
acersacr.zip, Acer saccharum
acerspic.zip, Acer spicatum
acoewrig.zip, Acoelorrhaphe wrightii
aesccali.zip, Aesculus californica
aescglab.zip, Aesculus glabra
aescocta.zip, Aesculus octandra
aescparv.zip, Aesculus parviflora
aescpavi.zip, Aesculus pavia
aescsylv.zip, Aesculus sylvatica
agavutah.zip, Agave utahensis
alnumari.zip, Alnus maritima
alnuoblo.zip, Alnus oblongifolia
alnurhom.zip, Alnus rhombifolia
alnurubr.zip, Alnus rubra
alnurugo.zip, Alnus rugosa
alnuserr.zip, Alnus serrulata
alnusinu.zip, Alnus sinuata
alnutenu.zip, Alnus tenuifolia
alvaamor.zip, Alvaradoa amorphoides
amelalni.zip, Amelanchier alnifolia
amelarbo.zip, Amelanchier arborea
amelinte.zip, Amelanchier interior
amelsang.zip, Amelanchier sanguinea
amelutah.zip, Amelanchier utahensis
amphlati.zip, Amphitecna latifolia
amyrbals.zip, Amyris balsamifera
amyrelem.zip, Amyris elemifera
annoglab.zip, Annona glabra
aralspin.zip, Aralia spinosa
arbuariz.zip, Arbutus arizonica
arbumenz.zip, Arbutus menziesii
arbutexa.zip, Arbutus texana
arctprin.zip, Arctostaphylos pringlei
ardiesca.zip, Ardisia escallonioides
artetrid.zip, Artemisia tridentata
asimparv.zip, Asimina parviflora
asimtril.zip, Asimina triloba
avicgerm.zip, Avicennia germinans
bacchali.zip, Baccharis halimifolia
betualle.zip, Betula alleghaniensis
betulent.zip, Betula lenta
betunana.zip, Betula nana
betunigr.zip, Betula nigra
betuocci.zip, Betula occidentalis
betupapy.zip, Betula papyrifera
betupopu.zip, Betula populifolia
betuuber.zip, Betula uber
bourovat.zip, Bourreria ovata
bourradu.zip, Bourreria radula
bumecela.zip, Bumelia celastrina
bumelanu.zip, Bumelia lanuginosa
bumelyci.zip, Bumelia lycioides
bumetena.zip, Bumelia tenax
bursfaga.zip, Bursera fagaroides
bursmicr.zip, Bursera microphylla
burssima.zip, Bursera simaruba
byrsluci.zip, Byrsonima lucida
caesmexi.zip, Caesalpinia mexicana
calypall.zip, Calyptranthes pallens
calyzuzy.zip, Calyptranthes zuzygium
canewint.zip, Canella winterana
canoholo.zip, Canotia holacantha
cappcyno.zip, Capparis cynophallophora
cappflex.zip, Capparis flexuosa
carpcaro.zip, Carpinus caroliniana
caryaqua.zip, Carya aquatica
carycord.zip, Carya cordiformis
caryflor.zip, Carya floridana
caryglab.zip, Carya glabra
caryilli.zip, Carya illinoensis
carylaci.zip, Carya laciniosa
carymyri.zip, Carya myristicaeformis
caryovat.zip, Carya ovata
carypall.zip, Carya pallida
carytexa.zip, Carya texana
carytome.zip, Carya tomentosa
castalni.zip, Castanea alnifolia
castchry.zip, Castanopsis chrysophylla
castdent.zip, Castanea dentata
castozar.zip, Castanea ozarkensis
castpumi.zip, Castanea pumila
catabign.zip, Catalpa bignonioides
cataspec.zip, Catalpa speciosa
ceanarbo.zip, Ceanothus arboreus
ceanspin.zip, Ceanothus spinosus
ceanthyr.zip, Ceanothus thyrsiflorus
celtlaev.zip, Celtis laevigata
celtlind.zip, Celtis lindheimeri
celtocci.zip, Celtis occidentalis
celtreti.zip, Celtis reticulata
celttenu.zip, Celtis tenuifolia
cephocci.zip, Cephalanthus occidentalis
cercbetu.zip, Cercocarpus betuloides
cercbrev.zip, Cercocarpus breviflorus
cerccana.zip, Cercis canadensis
cercflor.zip, Cercidium floridum
cercledi.zip, Cercocarpus ledifolius
cercmacr.zip, Cercidium macrum
cercmicr.zip, Cercidium microphyllum
cercocci.zip, Cercis occidentalis
cerctras.zip, Cercocarpus traskiae
ceregiga.zip, Cereus giganteus
cererobi.zip, Cereus robinii
chamlaws.zip, Chamaecyparis lawsoniana
chamnoot.zip, Chamaecyparis nootkatensis
chamthyo.zip, Chamaecyparis thyoides
chilline.zip, Chilopsis linearis
chiovirg.zip, Chionanthus virginicus
chryicac.zip, Chrysobalanus icaco
chryoliv.zip, Chrysophyllum oliviforme
cithberl.zip, Citharexylum berlandieri
cithfrut.zip, Citharexylum fruticosum
cladkent.zip, Cladrastis kentukea
cletacum.zip, Clethra acuminata
clifmono.zip, Cliftonia monophylla
clusrose.zip, Clusia rosea
coccarge.zip, Coccothrinax argentata
coccdive.zip, Coccoloba diversifolia
coccuvif.zip, Coccoloba uvifera
coluarbo.zip, Colubrina arborescens
colucube.zip, Colubrina cubensis
coluelli.zip, Colubrina elliptica
condglob.zip, Condalia globosa
condhook.zip, Condalia hookeri
conoerec.zip, Conocarpus erectus
cordbois.zip, Cordia boissieri
cordsebe.zip, Cordia sebestena
cornalte.zip, Cornus alternifolia
corndrum.zip, Cornus drummondii
cornflor.zip, Cornus florida
cornglab.zip, Cornus glabrata
cornnutt.zip, Cornus nuttallii
cornocci.zip, Cornus occidentalis
cornrace.zip, Cornus racemosa
cornrugo.zip, Cornus rugosa
cornsess.zip, Cornus sessilis
cornstol.zip, Cornus stolonifera
cornstri.zip, Cornus stricta
corycorn.zip, Corylus cornuta
cotiobov.zip, Cotinus obovatus
cowamexi.zip, Cowania mexicana
cratchry.zip, Crataegus chrysocarpa
cratcolu.zip, Crataegus columbiana
cratdoug.zip, Crataegus douglasii
crateryt.zip, Crataegus erythropoda
cratsali.zip, Crataegus saligna
cratsucc.zip, Crataegus succulenta
crattrac.zip, Crataegus tracyi
crosrhac.zip, Crossopetalum rhacoma
cupaglab.zip, Cupania glabra
cuprariz.zip, Cupressus arizonica
cuprbake.zip, Cupressus bakeri
cuprgove.zip, Cupressus goveniana
cuprguad.zip, Cupressus guadalupensis
cuprmacn.zip, Cupressus macnabiana
cuprmacr.zip, Cupressus macrocarpa
cuprsarg.zip, Cupressus sargentii
cyrirace.zip, Cyrilla racemiflora
dalespin.zip, Dalea spinosa
diostexa.zip, Diospyros texana
diosvirg.zip, Diospyros virginiana
diphsali.zip, Dipholis salicifolia
dodovisc.zip, Dodonaea viscosa
drypdive.zip, Drypetes diversifolia
dryplate.zip, Drypetes lateriflora
ehreanac.zip, Ehretia anacua
ellirace.zip, Elliottia racemosa
erytflab.zip, Erythrina flabelliformis
erytherb.zip, Erythrina herbacea
esenberl.zip, Esenbeckia berlandieri
eugeaxil.zip, Eugenia axillaris
eugeconf.zip, Eugenia confusa
eugefoet.zip, Eugenia foetida
eugerhom.zip, Eugenia rhombea
euonatro.zip, Euonymus atropurpureus
euonocci.zip, Euonymus occidentalis
exoscari.zip, Exostema caribaeum
exotpani.zip, Exothea paniculata
eysepoly.zip, Eysenhardtia polystachya
eysetexa.zip, Eysenhardtia texana
fagugran.zip, Fagus grandifolia
ficuaure.zip, Ficus aurea
ficucitr.zip, Ficus citrifolia
foreacum.zip, Forestiera acuminata
foreangu.zip, Forestiera angustifolia
forephil.zip, Forestiera phillyreoides
foresegr.zip, Forestiera segregata
franalat.zip, Franklinia alatamaha
fraxamer.zip, Fraxinus americana
fraxanom.zip, Fraxinus anomala
fraxberl.zip, Fraxinus berlandieriana
fraxcaro.zip, Fraxinus caroliniana
fraxcusp.zip, Fraxinus cuspidata
fraxdipe.zip, Fraxinus dipetala
fraxgood.zip, Fraxinus gooddingii
fraxgreg.zip, Fraxinus greggii
fraxlati.zip, Fraxinus latifolia
fraxnigr.zip, Fraxinus nigra
fraxpapi.zip, Fraxinus papillosa
fraxpenn.zip, Fraxinus pennsylvanica
fraxprof.zip, Fraxinus profunda
fraxquad.zip, Fraxinus quadrangulata
fraxtexe.zip, Fraxinus texensis
fraxvelu.zip, Fraxinus velutina
fremcali.zip, Fremontodendron californicum
fremmexi.zip, Fremontodendron mexicanum
garrelli.zip, Garrya elliptica
geniclus.zip, Genipa clusiifolia
gledaqua.zip, Gleditsia aquatica
gledtria.zip, Gleditsia triacanthos
gordlasi.zip, Gordonia lasianthus
guaiangu.zip, Guaiacum angustifolium
guaisanc.zip, Guaiacum sanctum
guapdisc.zip, Guapira discolor
guetelli.zip, Guettarda elliptica
guetscab.zip, Guettarda scabra
gymilati.zip, Gyminda latifolia
gymndioi.zip, Gymnocladus dioicus
gymnluci.zip, Gymnanthes lucida
halecaro.zip, Halesia carolina
haledipt.zip, Halesia diptera
haleparv.zip, Halesia parviflora
hamavirg.zip, Hamamelis virginiana
hamepate.zip, Hamelia patens
heliparv.zip, Helietta parvifolia
hippmanc.zip, Hippomane mancinella
holaemor.zip, Holacantha emoryi
hypetrif.zip, Hypelate trifoliata
ilexambi.zip, Ilex ambigua
ilexamel.zip, Ilex amelanchier
ilexcass.zip, Ilex cassine
ilexcori.zip, Ilex coriacea
ilexdeci.zip, Ilex decidua
ilexkrug.zip, Ilex krugiana
ilexlaev.zip, Ilex laevigata
ilexlong.zip, Ilex longipes
ilexmont.zip, Ilex montana
ilexmyrt.zip, Ilex myrtifolia
ilexopac.zip, Ilex opaca
ilexvert.zip, Ilex verticillata
ilexvomi.zip, Ilex vomitoria
illiflor.zip, Illicium floridanum
illiparv.zip, Illicium parviflorum
jacqkeye.zip, Jacquinia keyensis
juglcali.zip, Juglans californica
juglcine.zip, Juglans cinerea
juglhind.zip, Juglans hindsii
juglmajo.zip, Juglans major
juglmicr.zip, Juglans microcarpa
juglnigr.zip, Juglans nigra
juniashe.zip, Juniperus ashei
junicali.zip, Juniperus californica
junicomm.zip, Juniperus communis
junidepp.zip, Juniperus deppeana
junieryt.zip, Juniperus erythrocarpa
juniflac.zip, Juniperus flaccida
junihori.zip, Juniperus horizontalis
junimono.zip, Juniperus monosperma
juniocci.zip, Juniperus occidentalis
junioste.zip, Juniperus osteosperma
junipinc.zip, Juniperus pinchotii
juniscop.zip, Juniperus scopulorum
junisili.zip, Juniperus silicicola
junivirg.zip, Juniperus virginiana
kalmlati.zip, Kalmia latifolia
koebspin.zip, Koeberlinia spinosa
krugferr.zip, Krugiodendron ferreum
lagurace.zip, Laguncularia racemosa
larilari.zip, Larix laricina
larilyal.zip, Larix lyallii
lariocci.zip, Larix occidentalis
larrdiva.zip, Larrea divaricata
leitflor.zip, Leitneria floridana
leucpulv.zip, Leucaena pulverulenta
leucretu.zip, Leucaena retusa
libodecu.zip, Libocedrus decurrens
licatria.zip, Licaria triandra
liqustyr.zip, Liquidambar styraciflua
lirituli.zip, Liriodendron tulipifera
lithdens.zip, Lithocarpus densiflorus
lyonferr.zip, Lyonia ferruginea
lyonflor.zip, Lyonothamnus floribundus
lysilati.zip, Lysiloma latisiliquum
lysimicr.zip, Lysiloma microphylla
maclpomi.zip, Maclura pomifera
magnacum.zip, Magnolia acuminata
magnashe.zip, Magnolia ashei
magnfras.zip, Magnolia fraseri
magngran.zip, Magnolia grandiflora
magnmacr.zip, Magnolia macrophylla
magnpyra.zip, Magnolia pyramidata
magntrip.zip, Magnolia tripetala
magnvirg.zip, Magnolia virginiana
maluangu.zip, Malus angustifolia
malucoro.zip, Malus coronaria
maludive.zip, Malus diversifolia
maluioen.zip, Malus ioensis
manibaha.zip, Manilkara bahamensis
mastfoet.zip, Mastichodendron foetidissimum
maytphyl.zip, Maytenus phyllanthoides
metotoxi.zip, Metopium toxiferum
morumicr.zip, Morus microphylla
morurubr.zip, Morus rubra
myrcfrag.zip, Myrcianthes fragrans
myricali.zip, Myrica californica
myriceri.zip, Myrica cerifera
myrihete.zip, Myrica heterophylla
myriinod.zip, Myrica inodora
myripens.zip, Myrica pensylvanica
nectcori.zip, Nectandra coriacea
nemocoll.zip, Nemopanthus collinus
nolibige.zip, Nolina bigelovii
nyssaqua.zip, Nyssa aquatica
nyssogec.zip, Nyssa ogeche
nysssylv.zip, Nyssa sylvatica
olneteso.zip, Olneya tesota
opunfulg.zip, Opuntia fulgida
osmaamer.zip, Osmanthus americanus
ostrchis.zip, Ostrya chisosensis
ostrknow.zip, Ostrya knowltonii
ostrvirg.zip, Ostrya virginiana
oxydarbo.zip, Oxydendrum arboreum
parkacul.zip, Parkinsonia aculeata
persborb.zip, Persea borbonia
photarbu.zip, Photinia arbutifolia
picebrew.zip, Picea breweriana
picechih.zip, Picea chihuahuana
piceenge.zip, Picea engelmannii
piceglau.zip, Picea glauca
picemari.zip, Picea mariana
picepung.zip, Picea pungens
picerube.zip, Picea rubens
picesitc.zip, Picea sitchensis
picrpent.zip, Picramnia pentandra
pincpube.zip, Pinckneya pubens
pinualbi.zip, Pinus albicaulis
pinuaris.zip, Pinus aristata
pinuatte.zip, Pinus attenuata
pinuayac.zip, Pinus ayacahuite
pinubalf.zip, Pinus balfouriana
pinubank.zip, Pinus banksiana
pinucari.zip, Pinus caribaea
pinucemb.zip, Pinus cembroides
pinuclau.zip, Pinus clausa
pinucont.zip, Pinus contorta
pinucoop.zip, Pinus cooperi
pinucoul.zip, Pinus coulteri
pinucube.zip, Pinus cubensis
pinuculm.zip, Pinus culminicola
pinudoug.zip, Pinus douglasiana
pinudura.zip, Pinus durangensis
pinuechi.zip, Pinus echinata
pinuedul.zip, Pinus edulis
pinuelli.zip, Pinus elliottii
pinuenge.zip, Pinus engelmannii
pinuflex.zip, Pinus flexilis
pinuglab.zip, Pinus glabra
pinugreg.zip, Pinus greggii
pinuhart.zip, Pinus hartwegii
pinujeff.zip, Pinus jeffreyi
pinulamb.zip, Pinus lambertiana
pinulaws.zip, Pinus lawsonii
pinuleio.zip, Pinus leiophylla
pinulong.zip, Pinus longaeva
pinulumh.zip, Pinus lumholtzii
pinumaxi.zip, Pinus maximartinezii
pinumich.zip, Pinus michoacana
pinumono.zip, Pinus monophylla
pinumont.zip, Pinus monticola
pinumtez.zip, Pinus montezumae
pinumuri.zip, Pinus muricata
pinunels.zip, Pinus nelsonii
pinuocci.zip, Pinus occidentalis
pinuooca.zip, Pinus oocarpa
pinupalu.zip, Pinus palustris
pinupatu.zip, Pinus patula
pinupinc.zip, Pinus pinceana
pinupond.zip, Pinus ponderosa
pinuprin.zip, Pinus pringlei
pinupseu.zip, Pinus pseudostrobus
pinupung.zip, Pinus pungens
pinuquad.zip, Pinus quadrifolia
pinuradi.zip, Pinus radiata
pinuresi.zip, Pinus resinosa
pinurigi.zip, Pinus rigida
pinusabi.zip, Pinus sabiniana
pinusero.zip, Pinus serotina
pinustrb.zip, Pinus strobus
pinustro.zip, Pinus strobiformis
pinutaed.zip, Pinus taeda
pinuteoc.zip, Pinus teocote
pinutorr.zip, Pinus torreyana
pinutrop.zip, Pinus tropicalis
pinuvirg.zip, Pinus virginiana
pinuwash.zip, Pinus washoensis
piscpisc.zip, Piscidia piscipula
pisorotu.zip, Pisonia rotundata
pisttexa.zip, Pistacia texana
pithflex.zip, Pithecellobium flexicaule
pithguad.zip, Pithecellobium guadalupense
pithpall.zip, Pithecellobium pallens
pithungu.zip, Pithecellobium unguis
planaqua.zip, Planera aquatica
platocci.zip, Platanus occidentalis
platrace.zip, Platanus racemosa
platwrig.zip, Platanus wrightii
popuangu.zip, Populus angustifolia
popuariz.zip, Populus arizonica
popubals.zip, Populus balsamifera
popudelt.zip, Populus deltoides
popufrem.zip, Populus fremontii
popugran.zip, Populus grandidentata
popuhete.zip, Populus heterophylla
popuhinc.zip, Populus hinckleyana
poputrem.zip, Populus tremuloides
poputric.zip, Populus trichocarpa
prosjuli.zip, Prosopis juliflora
prospube.zip, Prosopis pubescens
prunalle.zip, Prunus alleghaniensis
prunamer.zip, Prunus americana
prunangu.zip, Prunus angustifolia
pruncaro.zip, Prunus caroliniana
prunemar.zip, Prunus emarginata
prunfrem.zip, Prunus fremontii
prunhort.zip, Prunus hortulana
prunilic.zip, Prunus ilicifolia
prunlyon.zip, Prunus lyonii
prunmexi.zip, Prunus mexicana
prunmuns.zip, Prunus munsoniana
prunmyrt.zip, Prunus myrtifolia
prunnigr.zip, Prunus nigra
prunpens.zip, Prunus pensylvanica
prunsero.zip, Prunus serotina
prunsubc.zip, Prunus subcordata
prunumbe.zip, Prunus umbellata
prunvirg.zip, Prunus virginiana
pseumacr.zip, Pseudotsuga macrocarpa
pseumenz.zip, Pseudotsuga menziesii
pseusarg.zip, Pseudophoenix sargentii
psidlong.zip, Psidium longipes
ptelcren.zip, Ptelea crenulata
pteltrif.zip, Ptelea trifoliata
queragri.zip, Quercus agrifolia
querajoe.zip, Quercus ajoensis
queralba.zip, Quercus alba
querariz.zip, Quercus arizonica
querarka.zip, Quercus arkansana
querbico.zip, Quercus bicolor
querchap.zip, Quercus chapmanii
querchry.zip, Quercus chrysolepis
quercocc.zip, Quercus coccinea
querdoug.zip, Quercus douglasii
querdunn.zip, Quercus dunnii
querdura.zip, Quercus durandii
querelli.zip, Quercus ellipsoidalis
queremor.zip, Quercus emoryi
querenge.zip, Quercus engelmannii
querfalc.zip, Quercus falcata
quergamb.zip, Quercus gambelii
quergarr.zip, Quercus garryana
quergeor.zip, Quercus georgiana
querglau.zip, Quercus glaucoides
quergrac.zip, Quercus graciliformis
quergrav.zip, Quercus gravesii
quergris.zip, Quercus grisea
querhava.zip, Quercus havardii
querhypo.zip, Quercus hypoleucoides
querilic.zip, Quercus ilicifolia
querimbr.zip, Quercus imbricaria
querinca.zip, Quercus incana
querkell.zip, Quercus kelloggii
querlaev.zip, Quercus laevis
querlaur.zip, Quercus laurifolia
querloba.zip, Quercus lobata
querlyra.zip, Quercus lyrata
quermacd.zip, Quercus macdonaldii
quermacr.zip, Quercus macrocarpa
quermari.zip, Quercus marilandica
quermich.zip, Quercus michauxii
quermohr.zip, Quercus mohriana
quermueh.zip, Quercus muehlenbergii
quermyrt.zip, Quercus myrtifolia
quernigr.zip, Quercus nigra
quernutt.zip, Quercus nuttallii
queroblo.zip, Quercus oblongifolia
querogle.zip, Quercus oglethorpensis
querpalu.zip, Quercus palustris
querphel.zip, Quercus phellos
querprin.zip, Quercus prinus
querpung.zip, Quercus pungens
querrubr.zip, Quercus rubra
querrugo.zip, Quercus rugosa
quershum.zip, Quercus shumardii
querstel.zip, Quercus stellata
quertome.zip, Quercus tomentella
quertoum.zip, Quercus toumeyi
querturb.zip, Quercus turbinella
quervelu.zip, Quercus velutina
quervirg.zip, Quercus virginiana
querwisl.zip, Quercus wislizeni
rapapunc.zip, Rapanea punctata
reynsept.zip, Reynosia septentrionalis
rhambetu.zip, Rhamnus betulaefolia
rhamcali.zip, Rhamnus californica
rhamcaro.zip, Rhamnus caroliniana
rhamcroc.zip, Rhamnus crocea
rhampurs.zip, Rhamnus purshiana
rhizmang.zip, Rhizophora mangle
rhodcata.zip, Rhododendron catawbiense
rhodmacr.zip, Rhododendron macrophyllum
rhodmaxi.zip, Rhododendron maximum
rhuschor.zip, Rhus choriophylla
rhuscopa.zip, Rhus copallina
rhusglab.zip, Rhus glabra
rhusinte.zip, Rhus integrifolia
rhuskear.zip, Rhus kearneyi
rhuslanc.zip, Rhus lanceolata
rhuslaur.zip, Rhus laurina
rhusmicr.zip, Rhus microphylla
rhusovat.zip, Rhus ovata
rhustyph.zip, Rhus typhina
robikels.zip, Robinia kelseyi
robineom.zip, Robinia neomexicana
robipseu.zip, Robinia pseudoacacia
robivisc.zip, Robinia viscosa
royselat.zip, Roystonea elata
sabamexi.zip, Sabal mexicana
sabamino.zip, Sabal minor
sabapalm.zip, Sabal palmetto
salialax.zip, Salix alaxensis
saliamyg.zip, Salix amygdaloides
saliarbu.zip, Salix arbusculoides
salibebb.zip, Salix bebbiana
salibonp.zip, Salix bonplandiana
salicaro.zip, Salix caroliniana
salidisc.zip, Salix discolor
saliexig.zip, Salix exigua
saliflor.zip, Salix floridana
salifluv.zip, Salix fluviatilis
saligeye.zip, Salix geyeriana
salihind.zip, Salix hindsiana
salihook.zip, Salix hookeriana
salilaev.zip, Salix laevigata
salilasi.zip, Salix lasiandra
salilaso.zip, Salix lasiolepis
saliluci.zip, Salix lucida
salimack.zip, Salix mackenzieana
salinigr.zip, Salix nigra
salipell.zip, Salix pellita
salipeti.zip, Salix petiolaris
salipyri.zip, Salix pyrifolia
saliscou.zip, Salix scouleriana
saliseri.zip, Salix sericea
salisess.zip, Salix sessilifolia
salisitc.zip, Salix sitchensis
salitaxi.zip, Salix taxifolia
salitrac.zip, Salix tracyi
sambcall.zip, Sambucus callicarpa
sambcana.zip, Sambucus canadensis
sambglau.zip, Sambucus glauca
sambmela.zip, Sambucus melanocarpa
sambmexi.zip, Sambucus mexicana
sambvelu.zip, Sambucus velutina
sapibilo.zip, Sapium biloculare
sapidrum.zip, Sapindus drummondii
sapisapo.zip, Sapindus saponaria
sassalbi.zip, Sassafras albidum
savibaha.zip, Savia bahamensis
schafrut.zip, Schaefferia frutescens
schochry.zip, Schoepfia chrysophylloides
sequgiga.zip, Sequoiadendron giganteum
sequsemp.zip, Sequoia sempervirens
sererepe.zip, Serenoa repens
sheparge.zip, Shepherdia argentea
simaglau.zip, Simarouba glauca
solaeria.zip, Solanum erianthum
sophaffi.zip, Sophora affinis
sophsecu.zip, Sophora secundiflora
sorbamer.zip, Sorbus americana
sorbdeco.zip, Sorbus decora
sorbscop.zip, Sorbus scopulina
sorbsitc.zip, Sorbus sitchensis
stapbola.zip, Staphylea bolanderi
staptrif.zip, Staphylea trifolia
stewmala.zip, Stewartia malacodendron
stewovat.zip, Stewartia ovata
styramer.zip, Styrax americana
styrgran.zip, Styrax grandifolia
styrplat.zip, Styrax platanifolia
surimari.zip, Suriana maritima
swiemaha.zip, Swietenia mahagoni
symptinc.zip, Symplocos tinctoria
taxodist.zip, Taxodium distichum
taxomucr.zip, Taxodium mucronatum
taxubrev.zip, Taxus brevifolia
taxucana.zip, Taxus canadensis
taxuflor.zip, Taxus floridana
tetrbico.zip, Tetrazygia bicolor
thrimorr.zip, Thrinax morrisii
thriradi.zip, Thrinax radiata
thujocci.zip, Thuja occidentalis
thujplic.zip, Thuja plicata
tiliamer.zip, Tilia americana
tilicaro.zip, Tilia caroliniana
tilihete.zip, Tilia heterophylla
torrcali.zip, Torreya californica
torrtaxi.zip, Torreya taxifolia
toxivern.zip, Toxicodendron vernix
tremlama.zip, Trema lamarckiana
tremmicr.zip, Trema micrantha
tsugcana.zip, Tsuga canadensis
tsugcaro.zip, Tsuga caroliniana
tsughete.zip, Tsuga heterophylla
tsugmert.zip, Tsuga mertensiana
ulmualat.zip, Ulmus alata
ulmuamer.zip, Ulmus americana
ulmucras.zip, Ulmus crassifolia
ulmurubr.zip, Ulmus rubra
ulmusero.zip, Ulmus serotina
ulmuthom.zip, Ulmus thomasii
umbecali.zip, Umbellularia californica
ungnspec.zip, Ungnadia speciosa
vaccarbo.zip, Vaccinium arboreum
vauqcali.zip, Vauquelinia californica
vauqpauc.zip, Vauquelinia pauciflora
vibulent.zip, Viburnum lentago
vibunudu.zip, Viburnum nudum
vibuobov.zip, Viburnum obovatum
vibuprun.zip, Viburnum prunifolium
viburufi.zip, Viburnum rufidulum
vibutril.zip, Viburnum trilobum
washfili.zip, Washingtonia filifera
ximeamer.zip, Ximenia americana
yuccaloi.zip, Yucca aloifolia
yuccbrev.zip, Yucca brevifolia
yucccarn.zip, Yucca carnerosana
yuccelat.zip, Yucca elata
yuccfaxo.zip, Yucca faxoniana
yuccglor.zip, Yucca gloriosa
yuccmoha.zip, Yucca mohavensis
yuccrost.zip, Yucca rostrata
yuccscho.zip, Yucca schottii
yucctorr.zip, Yucca torreyi
yucctrec.zip, Yucca treculeana
zantamer.zip, Zanthoxylum americanum
zantclav.zip, Zanthoxylum clava
zantcori.zip, Zanthoxylum coriaceum
zantfaga.zip, Zanthoxylum fagara
zantflav.zip, Zanthoxylum flavum
zanthirs.zip, Zanthoxylum hirsutum
